firstName, lastName, email, team, position
BoiwbZc, spmiWKv, hoMijDs@gmail.com, hr, core
gIvD, tmUGlDcW, qzmpUSnVFe@gmail.com, shops, core
xhAa, sLWAgJjvwK, xQBDAI@gmail.com, pm, ux
NRgHGJKp, ZywUohv, vnpmWu@gmail.com, shops, realestate
GxtzDX, gerGaMhI, sfpGgkC@gmail.com, shops, media
iEWDsbNORJ, kywlvLnPGS, hMef@gmail.com, shops, hr
WNpfZwCQaS, wgQefKvl, IrqWojpc@gmail.com, pm, hr
pEjXMbZ, yXzwSahi, uXgzSqcla@gmail.com, media, realestate
RBzjYmZHkA, LHNA, OCBSqZEYH@gmail.com, shops, media
NJnZzFmI, cIPVhril, EYFTdCQvG@gmail.com, teamleader, ux
hoIdmiJxq, IevEtLO, qQxgLw@gmail.com, hr, hr
EDKcOGte, fKvToCzE, JcYmnb@gmail.com, shops, realestate
ZrGC, FyXIRhj, jfsd@gmail.com, developer, hr
lKTtd, KGAlQvzmXB, VAxd@gmail.com, shops, media
wfQgltBGW, CSVtlWybN, AwzUSb@gmail.com, shops, shops
adQwAGLBs, hKvHgbXn, Yflt@gmail.com, developer, shops
cbpPA, gXdTNU, HtxVJFAoC@gmail.com, pm, ux
CuBLRXgOI, yHQUtdqKNY, KbVCIXuah@gmail.com, hr, growth
UYNV, hraxVJU, ipJodSsc@gmail.com, media, shops
rSsx, EwWme, JCVqlg@gmail.com, media, seo
